<?xml version="1.0" encoding="UTF-8" standalone="yes"?>
<manifest>
  <control namespace="activitySummary" constructor="ActivitySummary" version="1.0.24" display-name-key="ActivitySummary" description-key="ActivitySummary description" control-type="standard" api-version="1.2.1">
    <data-set name="smartGridDataSet" display-name-key="Dataset_Display_Key"/>
    <resources>
      <code path="bundle.js" order="1"/>
      <css path="css/SmartGrid.css" order="1"/>
      <resx path="strings/SmartGrid.1033.resx" version="1.0.0"/>
    </resources>
    <feature-usage>
      <uses-feature name="WebAPI" required="true"/>
      <uses-feature name="Utility" required="true"/>
    </feature-usage>
    <built-by name="pac" version="0.4.3"/>
  </control>
</manifest>